{"cameraMode":{"drawMode":0,"name":"Shaded","section":"Shading Mode"},"sceneLighting":true,"audioPlay":false,"sceneViewState":{"showFog":false,"showMaterialUpdate":false,"showSkybox":false,"showFlares":false,"showImageEffects":false,"showParticleSystems":false},"in2DMode":false,"pivot":{"x":19.799999237060548,"y":23.100000381469728,"z":-70.0},"rotation":{"x":-0.19258929789066316,"y":-0.009717235341668129,"z":0.0019072402501478792,"w":-0.9812299609184265},"size":1.3477294445037842,"orthographic":false}